{
  "src": [
    "../sfx.ogg",
    "../sfx.m4a",
    "../sfx.mp3",
    "../sfx.ac3"
  ],
  "sprite": {
    "bike_idle_loop": [
      0,
      515.1927437641723
    ],
    "bike_pedal_loop": [
      2000,
      1115.9863945578231
    ],
    "dirtbike_idle_loop": [
      5000,
      1631.201814058957
    ]
  }
}