{
    "objects": [
        {
            "x": 19.579913454194227,
            "y": 14.999869961614188,
            "rotation": 0,
            "ID": 0,
            "type": 0,
            "colorFill": "#999999",
            "colorLine": "#000",
            "fixed": true,
            "awake": true,
            "vertices": [
                {
                    "x": 53.29272751269292,
                    "y": -3.096296540382024
                },
                {
                    "x": 53.58414365767007,
                    "y": 2.2949021416949087
                },
                {
                    "x": -53.65699769391434,
                    "y": 2.7320263591606064
                },
                {
                    "x": -53.21987347644865,
                    "y": -1.9306319604735016
                }
            ],
            "density": 1,
            "group": "",
            "refName": "",
            "collision": 0
        }
    ]
}