{
  "src": [
    "./static/assets/audio/pack1-hq.ogg",
    "./static/assets/audio/pack1-hq.mp3"
  ],
  "sprite": {
    "alarm": [
      0,
      3777.596371882086
    ],
    "animal-growl": [
      5000,
      5083.718820861678
    ],
    "baboom1": [
      12000,
      7939.773242630387
    ],
    "badoom2": [
      21000,
      7939.773242630387
    ],
    "badoom3": [
      30000,
      7919.4557823129235
    ],
    "bee-buzzing": [
      39000,
      10134.0589569161
    ],
    "beep1": [
      51000,
      1324.988662131517
    ],
    "beep2": [
      54000,
      1336.5986394557794
    ],
    "beep3": [
      57000,
      1162.4489795918364
    ],
    "beep4": [
      60000,
      1162.4489795918364
    ],
    "beep5": [
      63000,
      1176.9614512471662
    ],
    "beep6": [
      66000,
      1159.546485260776
    ],
    "beep7": [
      69000,
      1179.8639455782336
    ],
    "bird-chirps": [
      72000,
      1699.4104308390092
    ],
    "bird-flying": [
      75000,
      2735.600907029479
    ],
    "button1": [
      79000,
      268.4807256235757
    ],
    "button10": [
      81000,
      509.3877551020398
    ],
    "button2": [
      83000,
      262.6757369614552
    ],
    "button3": [
      85000,
      134.9659863945618
    ],
    "button4": [
      87000,
      262.6757369614552
    ],
    "button5": [
      89000,
      1014.4217687074786
    ],
    "button6": [
      92000,
      1020.2267573696133
    ],
    "button7": [
      95000,
      201.72335600906877
    ],
    "button8": [
      97000,
      1275.6462585034
    ],
    "button9": [
      100000,
      579.0476190476141
    ],
    "cat": [
      102000,
      6070.566893424029
    ],
    "collect-item": [
      110000,
      3664.399092970527
    ],
    "cricket-chirp": [
      115000,
      3751.4739229024913
    ],
    "cyber1": [
      120000,
      7373.786848072569
    ],
    "cyber2": [
      129000,
      7225.759637188219
    ],
    "cyber3": [
      138000,
      4282.630385487522
    ],
    "ding": [
      144000,
      4018.503401360533
    ],
    "dog-barking": [
      150000,
      3046.1678004535033
    ],
    "dog-crying": [
      155000,
      3783.401360544218
    ],
    "dog": [
      160000,
      2056.417233560097
    ],
    "elevator1": [
      164000,
      2851.7006802721025
    ],
    "elevator2": [
      168000,
      1638.4580498866228
    ],
    "fail": [
      171000,
      1705.215419501144
    ],
    "game-reward": [
      174000,
      2306.031746031749
    ],
    "game-succes": [
      178000,
      2462.766439909302
    ],
    "jumpscare1": [
      182000,
      5019.863945578237
    ],
    "jumpscare2": [
      189000,
      3522.1768707482966
    ],
    "monster": [
      194000,
      2172.517006802707
    ],
    "mosquito1": [
      198000,
      1499.1383219954741
    ],
    "mosquito2": [
      201000,
      2497.596371882082
    ],
    "resonance-drop1": [
      205000,
      4117.188208616767
    ],
    "resonance-drop2": [
      211000,
      4346.485260770976
    ],
    "small-success": [
      217000,
      2308.9342403628166
    ],
    "swish1": [
      221000,
      686.4399092970643
    ],
    "swish2": [
      223000,
      431.0204081632776
    ],
    "swish3": [
      225000,
      361.36054421768904
    ],
    "swish4": [
      227000,
      1545.5782312925237
    ],
    "swish5": [
      230000,
      454.24036281178815
    ],
    "transition1": [
      232000,
      5466.848072562357
    ],
    "transition2": [
      239000,
      4813.786848072567
    ],
    "try-again": [
      245000,
      2329.25170068026
    ],
    "violin-screech1": [
      249000,
      526.8027210884441
    ],
    "violin-screech2": [
      251000,
      564.5351473922915
    ],
    "werewolf-growl": [
      253000,
      2364.0816326530685
    ],
    "whoosh-strong1": [
      257000,
      1824.2176870748494
    ],
    "whoosh-strong2": [
      260000,
      1818.4126984127147
    ],
    "whoosh-strong3": [
      263000,
      1818.4126984127147
    ],
    "whoosh1": [
      266000,
      384.580498866228
    ],
    "whoosh2": [
      268000,
      825.7596371881846
    ],
    "whoosh3": [
      270000,
      825.7596371881846
    ],
    "whoosh4": [
      272000,
      500.6802721088661
    ],
    "whoosh5": [
      274000,
      2613.6961451247203
    ],
    "whoosh6": [
      278000,
      2358.276643990905
    ],
    "whoosh7": [
      282000,
      2790.7482993197164
    ],
    "whoosh8": [
      286000,
      2520.816326530621
    ],
    "wolf-howl": [
      290000,
      4424.852607709738
    ]
  }
}