{
  "src": [
    "./static/assets/audio/pack2-hq.ogg",
    "./static/assets/audio/pack2-hq.mp3"
  ],
  "sprite": {
    "baby-babbling": [
      0,
      2239.2743764172333
    ],
    "baseball-bat": [
      4000,
      390.38548752834504
    ],
    "burp1": [
      6000,
      909.9319727891153
    ],
    "burp2": [
      8000,
      744.4897959183673
    ],
    "burp3": [
      10000,
      555.8276643990929
    ],
    "ceramic-break1": [
      12000,
      950.5668934240355
    ],
    "ceramic-break2": [
      14000,
      883.8095238095232
    ],
    "ceramic-break3": [
      16000,
      982.4943310657588
    ],
    "chicken-explode": [
      18000,
      242.35827664399068
    ],
    "clock-tick1": [
      20000,
      1014.4217687074821
    ],
    "clock-tick2": [
      23000,
      2009.9773242630406
    ],
    "coke-explode": [
      27000,
      439.72789115646196
    ],
    "creaking-door-open": [
      29000,
      1461.405895691609
    ],
    "cute-hello": [
      32000,
      860.5895691610001
    ],
    "cute-hi": [
      34000,
      642.9024943310679
    ],
    "engine-hum": [
      36000,
      712.5623582766423
    ],
    "fart1": [
      38000,
      445.53287981859313
    ],
    "fart2": [
      40000,
      416.5079365079336
    ],
    "fart3": [
      42000,
      233.65079365079566
    ],
    "fart4": [
      44000,
      1281.4512471655348
    ],
    "fart5": [
      47000,
      1519.4557823129244
    ],
    "fast-gibberish": [
      50000,
      2979.4104308390033
    ],
    "female-cry": [
      54000,
      2128.9795918367317
    ],
    "female-impressive": [
      58000,
      956.3718820861666
    ],
    "female-wow": [
      60000,
      779.3197278911564
    ],
    "footstep-wood-left": [
      62000,
      207.5283446712035
    ],
    "footstep-wood-right": [
      64000,
      190.11337868481348
    ],
    "fruit-explode": [
      66000,
      277.18820861677784
    ],
    "glass-break1": [
      68000,
      564.5351473922915
    ],
    "glass-break2": [
      70000,
      657.4149659863906
    ],
    "glass-break3": [
      72000,
      616.7800453514758
    ],
    "granny-laugh": [
      74000,
      2189.931972789111
    ],
    "i-see-you": [
      78000,
      7489.886621315193
    ],
    "ice-cracking": [
      87000,
      1439.6371882086214
    ],
    "key-lock": [
      90000,
      535.510204081632
    ],
    "light-switch": [
      92000,
      123.35600907029232
    ],
    "man-pain": [
      94000,
      1147.9365079365066
    ],
    "metal-door-close": [
      97000,
      2787.845804988663
    ],
    "metal-door-open": [
      101000,
      2009.9773242630336
    ],
    "metal-impact1": [
      105000,
      729.9773242630323
    ],
    "metal-impact2": [
      107000,
      674.8299319727948
    ],
    "metal-impact3": [
      109000,
      271.3832199546431
    ],
    "metal-impact4": [
      111000,
      512.2902494331072
    ],
    "milk-explode": [
      113000,
      449.8866213151871
    ],
    "nasty-laugh1": [
      115000,
      5667.120181405891
    ],
    "nasty-laugh2": [
      122000,
      6584.30839002267
    ],
    "nasty-laugh3": [
      130000,
      4831.201814058943
    ],
    "old-man-hello": [
      136000,
      917.1882086167784
    ],
    "old-man-help1": [
      138000,
      2515.0113378684864
    ],
    "old-man-help2": [
      142000,
      2233.4693877550935
    ],
    "owl": [
      146000,
      1600.7256235827754
    ],
    "playingcards-bridge": [
      149000,
      573.2426303854936
    ],
    "playingcards-flip": [
      151000,
      303.31065759637
    ],
    "playingcards-pickup": [
      153000,
      222.04081632654038
    ],
    "playingcards-shuffle": [
      155000,
      510.8390022675735
    ],
    "playingcards-slide": [
      157000,
      428.1179138322102
    ],
    "pumpkin-explode": [
      159000,
      300.4081632653026
    ],
    "rain": [
      161000,
      1146.4852607709872
    ],
    "rooster": [
      164000,
      1777.7777777777715
    ],
    "servo-move": [
      167000,
      770.6122448979613
    ],
    "slide-projector-advance": [
      169000,
      1330.7936507936518
    ],
    "splash": [
      172000,
      1420.7709750566835
    ],
    "sword-slash": [
      175000,
      698.0498866213054
    ],
    "teenage-ouch": [
      177000,
      638.5487528344811
    ],
    "thud1": [
      179000,
      489.0702947845682
    ],
    "thud2": [
      181000,
      602.2675736961389
    ],
    "thud3": [
      183000,
      323.6281179138416
    ],
    "thud4": [
      185000,
      317.82312925170686
    ],
    "thunder": [
      187000,
      2872.0181405895746
    ],
    "tremor": [
      191000,
      1725.5328798185872
    ],
    "watermelon-explode": [
      194000,
      500.6802721088377
    ],
    "wind": [
      196000,
      2892.3356009070176
    ],
    "wizard-cry": [
      200000,
      1371.4285714285666
    ],
    "wood-break": [
      203000,
      802.539682539674
    ],
    "wood-impact1": [
      205000,
      251.0657596371857
    ],
    "wood-impact2": [
      207000,
      401.99546485260385
    ],
    "wood-wheel-turn": [
      209000,
      2663.0385487528374
    ],
    "zombie1": [
      213000,
      3017.142857142858
    ],
    "zombie2": [
      218000,
      2477.278911564639
    ]
  }
}