{
  "src": [
    "./static/assets/audio/pack2-hq.ogg",
    "./static/assets/audio/pack2-hq.mp3"
  ],
  "sprite": {
    "baseball-bat": [
      0,
      390.3854875283447
    ],
    "burp1": [
      2000,
      909.9319727891158
    ],
    "burp2": [
      4000,
      744.4897959183673
    ],
    "burp3": [
      6000,
      555.8276643990929
    ],
    "ceramic-break1": [
      8000,
      950.5668934240355
    ],
    "ceramic-break2": [
      10000,
      883.8095238095232
    ],
    "ceramic-break3": [
      12000,
      982.4943310657588
    ],
    "clock-tick1": [
      14000,
      1014.4217687074821
    ],
    "clock-tick2": [
      17000,
      2009.9773242630406
    ],
    "creaking-door-open": [
      21000,
      1461.405895691609
    ],
    "engine-hum": [
      24000,
      712.5623582766423
    ],
    "fart1": [
      26000,
      445.53287981859313
    ],
    "fart2": [
      28000,
      416.5079365079372
    ],
    "fart3": [
      30000,
      233.6507936507921
    ],
    "fart4": [
      32000,
      1281.4512471655348
    ],
    "fart5": [
      35000,
      1519.4557823129244
    ],
    "footstep-wood-left": [
      38000,
      207.5283446712035
    ],
    "footstep-wood-right": [
      40000,
      190.11337868480638
    ],
    "glass-break1": [
      42000,
      564.5351473922915
    ],
    "glass-break2": [
      44000,
      657.4149659863976
    ],
    "glass-break3": [
      46000,
      616.7800453514758
    ],
    "key-lock": [
      48000,
      535.510204081632
    ],
    "light-switch": [
      50000,
      123.35600907029232
    ],
    "metal-door-close": [
      52000,
      2787.845804988663
    ],
    "metal-door-open": [
      56000,
      2009.9773242630406
    ],
    "metal-impact1": [
      60000,
      729.9773242630395
    ],
    "metal-impact2": [
      62000,
      674.8299319727878
    ],
    "metal-impact3": [
      64000,
      271.3832199546431
    ],
    "metal-impact4": [
      66000,
      512.2902494331072
    ],
    "playingcards-bridge": [
      68000,
      573.2426303854936
    ],
    "playingcards-flip": [
      70000,
      303.31065759637
    ],
    "playingcards-pickup": [
      72000,
      222.04081632652617
    ],
    "playingcards-shuffle": [
      74000,
      510.8390022675735
    ],
    "playingcards-slide": [
      76000,
      428.117913832196
    ],
    "servo-move": [
      78000,
      770.6122448979613
    ],
    "slide-projector-advance": [
      80000,
      1330.7936507936518
    ],
    "sword-slash": [
      83000,
      698.0498866213196
    ],
    "thud1": [
      85000,
      489.0702947845824
    ],
    "thud2": [
      87000,
      602.2675736961389
    ],
    "thud3": [
      89000,
      323.6281179138274
    ],
    "thud4": [
      91000,
      317.82312925170686
    ],
    "wood-impact1": [
      93000,
      251.0657596371857
    ],
    "wood-impact2": [
      95000,
      401.99546485260385
    ],
    "wood-wheel-turn": [
      97000,
      2663.0385487528374
    ],
    "zombie1": [
      101000,
      3017.142857142858
    ],
    "zombie2": [
      106000,
      2477.2789115646247
    ]
  }
}