{
  "src": [
    "./static/assets/audio/sfx-hq.ogg",
    "./static/assets/audio/sfx-hq.mp3"
  ],
  "sprite": {
    "barrel-explosion": [
      0,
      944.7619047619048
    ],
    "bash1": [
      2000,
      917.1882086167802
    ],
    "bash2": [
      4000,
      1130.521541950113
    ],
    "bash3": [
      7000,
      1026.0317460317463
    ],
    "bash4": [
      10000,
      973.786848072562
    ],
    "bear-trap": [
      12000,
      709.6598639455784
    ],
    "bike_idle_loop": [
      14000,
      2014.331065759638
    ],
    "bike_pedal_loop": [
      18000,
      2342.3129251700666
    ],
    "bodyhit1": [
      22000,
      865.3514739229031
    ],
    "bodyhit2": [
      24000,
      564.0136054421773
    ],
    "bodyhit3": [
      26000,
      633.3333333333328
    ],
    "bounce1": [
      28000,
      399.0929705215436
    ],
    "bounce2": [
      30000,
      317.82312925169975
    ],
    "bounce3": [
      32000,
      448.4353741496605
    ],
    "bouncejump": [
      34000,
      413.60544217687334
    ],
    "cannon": [
      36000,
      523.9002267573696
    ],
    "ceramic-break-hard": [
      38000,
      506.48526077097245
    ],
    "checkpoint": [
      40000,
      1066.66666666667
    ],
    "dirtbike_gas_loop": [
      43000,
      2977.9591836734694
    ],
    "dirtbike_ref": [
      47000,
      1502.0408163265274
    ],
    "drone-beep": [
      50000,
      114.6485260770973
    ],
    "drone-explosion": [
      52000,
      1005.7142857142835
    ],
    "drone-wall": [
      55000,
      317.82312925169975
    ],
    "grenade-explosion": [
      57000,
      494.87528344671006
    ],
    "grenade-pin": [
      59000,
      552.925170068029
    ],
    "impact-heavy1": [
      61000,
      564.0136054421773
    ],
    "impact-heavy2": [
      63000,
      1313.3333333333326
    ],
    "impact-medium1": [
      66000,
      620.0000000000045
    ],
    "impact-medium2": [
      68000,
      582.6530612244909
    ],
    "impact-small1": [
      70000,
      269.999999999996
    ],
    "impact-small2": [
      72000,
      233.33333333333428
    ],
    "lose": [
      74000,
      2970.702947845808
    ],
    "pot-impact": [
      78000,
      666.1224489795927
    ],
    "rope-ground": [
      80000,
      305.3514739228973
    ],
    "rope-in": [
      82000,
      941.8594104308369
    ],
    "rope-out": [
      84000,
      872.1995464852625
    ],
    "skateboard_idle_loop": [
      86000,
      1116.0090702947798
    ],
    "skateboard_pedle": [
      89000,
      1031.8367346938828
    ],
    "slowmo-enter": [
      92000,
      2552.7437641723336
    ],
    "slowmo-exit": [
      96000,
      965.0793650793617
    ],
    "snap1": [
      98000,
      378.77551020407907
    ],
    "snap2": [
      100000,
      599.3650793650858
    ],
    "snap3": [
      102000,
      581.9501133786815
    ],
    "snap4": [
      104000,
      566.6666666666629
    ],
    "squeak-1": [
      106000,
      281.5419501133789
    ],
    "squeak-2": [
      108000,
      117.55102040815757
    ],
    "squeak-3": [
      110000,
      148.02721088435078
    ],
    "squeak-4": [
      112000,
      274.28571428571047
    ],
    "stretch": [
      114000,
      967.981859410429
    ],
    "win": [
      116000,
      3170.9750566893435
    ]
  }
}