{
  "src": [
    "./static/assets/audio/sfx.ogg",
    "./static/assets/audio/sfx.m4a",
    "./static/assets/audio/sfx.mp3",
    "./static/assets/audio/sfx.ac3"
  ],
  "sprite": {
    "barrel-explosion": [
      0,
      944.7619047619048
    ],
    "bash1": [
      2000,
      917.1882086167802
    ],
    "bash2": [
      4000,
      1130.521541950113
    ],
    "bash3": [
      7000,
      1026.0317460317463
    ],
    "bash4": [
      10000,
      973.786848072562
    ],
    "bear-trap": [
      12000,
      709.6598639455784
    ],
    "bike_idle_loop": [
      14000,
      2014.331065759638
    ],
    "bike_pedal_loop": [
      18000,
      2342.3129251700666
    ],
    "bodyhit1": [
      22000,
      865.3514739229031
    ],
    "bodyhit2": [
      24000,
      564.0136054421773
    ],
    "bodyhit3": [
      26000,
      633.3333333333328
    ],
    "cannon": [
      28000,
      523.9002267573696
    ],
    "checkpoint": [
      30000,
      1066.6666666666665
    ],
    "dirtbike_gas_loop": [
      33000,
      2977.9591836734694
    ],
    "dirtbike_ref": [
      37000,
      1502.0408163265274
    ],
    "drone-beep": [
      40000,
      114.6485260770973
    ],
    "drone-explosion": [
      42000,
      1005.7142857142835
    ],
    "drone-wall": [
      45000,
      317.82312925169975
    ],
    "fart": [
      47000,
      1519.4557823129244
    ],
    "grenade-explosion": [
      50000,
      494.87528344671006
    ],
    "grenade-pin": [
      52000,
      552.925170068029
    ],
    "impact-heavy1": [
      54000,
      564.0136054421773
    ],
    "impact-heavy2": [
      56000,
      1313.3333333333326
    ],
    "impact-medium1": [
      59000,
      619.9999999999975
    ],
    "impact-medium2": [
      61000,
      582.6530612244909
    ],
    "impact-small1": [
      63000,
      270.0000000000031
    ],
    "impact-small2": [
      65000,
      233.33333333333428
    ],
    "lose": [
      67000,
      2970.702947845808
    ],
    "rope-ground": [
      71000,
      305.3514739228973
    ],
    "rope-in": [
      73000,
      941.8594104308369
    ],
    "rope-out": [
      75000,
      872.1995464852625
    ],
    "skateboard_idle_loop": [
      77000,
      1116.0090702947798
    ],
    "skateboard_pedle": [
      80000,
      1031.8367346938828
    ],
    "slowmo-enter": [
      83000,
      2552.7437641723336
    ],
    "slowmo-exit": [
      87000,
      965.0793650793617
    ],
    "snap1": [
      89000,
      378.77551020407907
    ],
    "snap2": [
      91000,
      599.3650793650858
    ],
    "snap3": [
      93000,
      581.9501133786815
    ],
    "snap4": [
      95000,
      566.6666666666629
    ],
    "win": [
      97000,
      3170.9750566893435
    ]
  }
}