{
  "src": [
    "./static/assets/audio/sfx.ogg",
    "./static/assets/audio/sfx.m4a",
    "./static/assets/audio/sfx.mp3",
    "./static/assets/audio/sfx.ac3"
  ],
  "sprite": {
    "barrel-explosion": [
      0,
      944.7619047619048
    ],
    "bash1": [
      2000,
      917.1882086167802
    ],
    "bash2": [
      4000,
      1130.521541950113
    ],
    "bash3": [
      7000,
      1026.0317460317463
    ],
    "bash4": [
      10000,
      973.786848072562
    ],
    "bike_idle_loop": [
      12000,
      2014.331065759638
    ],
    "bike_pedal_loop": [
      16000,
      2342.3129251700666
    ],
    "bodyhit1": [
      20000,
      865.3514739229031
    ],
    "bodyhit2": [
      22000,
      564.0136054421773
    ],
    "bodyhit3": [
      24000,
      633.3333333333328
    ],
    "dirtbike_gas_loop": [
      26000,
      2977.9591836734694
    ],
    "dirtbike_ref": [
      30000,
      1502.0408163265308
    ],
    "drone-beep": [
      33000,
      114.6485260770973
    ],
    "drone-explosion": [
      35000,
      1005.7142857142835
    ],
    "drone-wall": [
      38000,
      317.82312925169975
    ],
    "grenade-explosion": [
      40000,
      494.87528344671006
    ],
    "grenade-pin": [
      42000,
      552.925170068029
    ],
    "impact-heavy1": [
      44000,
      564.0136054421773
    ],
    "impact-heavy2": [
      46000,
      1313.3333333333326
    ],
    "impact-medium1": [
      49000,
      619.9999999999975
    ],
    "impact-medium2": [
      51000,
      582.6530612244909
    ],
    "impact-small1": [
      53000,
      270.0000000000031
    ],
    "impact-small2": [
      55000,
      233.33333333333428
    ],
    "lose": [
      57000,
      2970.702947845808
    ],
    "rope-ground": [
      61000,
      305.3514739229044
    ],
    "rope-in": [
      63000,
      941.8594104308369
    ],
    "rope-out": [
      65000,
      872.1995464852625
    ],
    "skateboard_idle_loop": [
      67000,
      1116.0090702947798
    ],
    "skateboard_pedle": [
      70000,
      1031.8367346938828
    ],
    "snap1": [
      73000,
      378.77551020407907
    ],
    "snap2": [
      75000,
      599.3650793650858
    ],
    "snap3": [
      77000,
      581.9501133786815
    ],
    "snap4": [
      79000,
      566.6666666666629
    ],
    "win": [
      81000,
      3170.9750566893435
    ]
  }
}