{
  "src": [
    "./static/assets/audio/sfx.ogg",
    "./static/assets/audio/sfx.m4a",
    "./static/assets/audio/sfx.mp3",
    "./static/assets/audio/sfx.ac3"
  ],
  "sprite": {
    "bash1": [
      0,
      917.1882086167801
    ],
    "bash2": [
      2000,
      1130.521541950113
    ],
    "bash3": [
      5000,
      1026.0317460317463
    ],
    "bash4": [
      8000,
      973.786848072562
    ],
    "bike_idle_loop": [
      10000,
      2014.331065759638
    ],
    "bike_pedal_loop": [
      14000,
      2342.3129251700666
    ],
    "dirtbike_gas_loop": [
      18000,
      2977.9591836734694
    ],
    "dirtbike_ref": [
      22000,
      1502.0408163265308
    ],
    "skateboard_idle_loop": [
      25000,
      1116.0090702947834
    ],
    "skateboard_pedle": [
      28000,
      1031.8367346938758
    ],
    "snap1": [
      31000,
      378.7755102040826
    ],
    "snap2": [
      33000,
      599.3650793650786
    ],
    "snap3": [
      35000,
      581.9501133786815
    ],
    "snap4": [
      37000,
      566.6666666666699
    ]
  }
}