{
  "src": [
    "./static/assets/audio/sfx.ogg",
    "./static/assets/audio/sfx.m4a",
    "./static/assets/audio/sfx.mp3",
    "./static/assets/audio/sfx.ac3"
  ],
  "sprite": {
    "bike_idle_loop": [
      0,
      2014.331065759637
    ],
    "bike_pedal_loop": [
      4000,
      2342.3129251700684
    ],
    "dirtbike_gas_loop": [
      8000,
      2977.9591836734694
    ],
    "dirtbike_ref": [
      12000,
      1502.0408163265308
    ],
    "skateboard_idle_loop": [
      15000,
      1116.0090702947834
    ],
    "skateboard_pedle": [
      18000,
      1031.8367346938758
    ]
  }
}